,Unnamed: 0,state_code,county_code,site_num,parameter_code,poc,latitude,longitude,year,observation_count,observation_percent,valid_day_count,required_day_count,exceptional_data_count,null_data_count,primary_exceedance_count,secondary_exceedance_count,num_obs_below_mdl,arithmetic_mean,arithmetic_standard_dev,first_max_value,second_max_value,third_max_value,fourth_max_value,first_max_non_overlapping_value,second_max_non_overlapping_value,ninety_nine_percentile,ninety_eight_percentile,ninety_five_percentile,ninety_percentile,seventy_five_percentile,fifty_percentile,ten_percentile
0,2943,30,111,81,42101,1,45.783285,-108.503469,1997,8539,97,355,365,0,0,0.0,0.0,0,1.051294,0.604246,5.2,5.2,5.1,5.1,5.2,4.9,3.0,2.7,2.2,1.8,1.3,0.9,0.4
1,8456,6,37,1301,42101,1,33.92899,-118.21071,1999,8754,100,365,365,0,0,35.0,35.0,0,2.123612,1.66706,11.2,11.1,11.1,11.0,11.2,11.1,8.2,7.4,5.8,4.4,2.5,1.5,0.8
2,12458,32,31,22,42101,1,39.532004,-119.784982,2005,8715,99,363,365,0,0,0.0,0.0,0,0.513655,0.512998,3.2,3.2,3.2,3.2,3.2,3.2,2.3,2.0,1.6,1.3,0.7,0.3,0.1
3,13449,27,123,50,42101,1,44.9558,-93.14585,1999,8119,93,338,365,0,0,0.0,0.0,0,1.172928,0.658272,5.3,5.2,5.1,5.1,5.3,5.2,3.3,2.8,2.3,2.0,1.5,1.1,0.5
4,17180,39,49,36,42101,1,39.959561,-83.001817,2007,6757,77,280,365,0,0,0.0,0.0,0,0.295442,0.136554,1.1,1.1,1.1,1.1,1.1,1.1,0.7,0.6,0.5,0.5,0.4,0.3,0.2
5,20842,2,20,18,42101,1,61.205861,-149.824602,2010,4322,49,179,365,0,0,0.0,0.0,0,0.874757,0.701738,4.6,4.5,4.4,4.3,4.6,3.8,3.2,3.0,2.4,1.8,1.1,0.7,0.3
6,21921,9,3,13,42101,1,41.7426,-72.707317,1996,8444,96,345,366,0,0,0.0,0.0,0,0.813536,0.414167,3.9,3.9,3.8,3.8,3.9,3.5,2.7,2.1,1.6,1.3,0.9,0.7,0.5
7,22822,25,25,2,42101,1,42.348873,-71.097163,2000,8001,91,330,366,0,0,0.0,0.0,0,0.532033,0.344677,3.0,2.9,2.8,2.7,3.0,2.3,1.7,1.5,1.2,1.0,0.7,0.5,0.2
8,27143,9,9,25,42101,1,41.309167,-72.923333,1997,8531,97,353,365,0,0,0.0,0.0,0,0.90034,0.389464,4.2,4.0,4.0,4.0,4.2,3.9,2.3,2.0,1.6,1.3,1.1,0.8,0.5
9,28043,4,19,2,42101,1,32.222058,-110.974681,1996,8696,99,362,366,0,0,0.0,0.0,0,0.884901,0.615376,4.6,4.6,4.5,4.4,4.6,4.4,2.9,2.5,2.0,1.7,1.2,0.8,0.2
10,32524,4,19,19,42101,1,32.290075,-111.000651,1992,7437,85,308,366,0,0,0.0,0.0,0,0.803025,0.624382,5.0,4.9,4.8,4.7,5.0,4.8,2.9,2.6,2.1,1.6,1.0,0.6,0.2
11,40437,35,1,28,42101,1,35.102652,-106.577438,2011,8490,97,357,365,0,0,0.0,0.0,0,0.541355,0.286811,2.2,2.2,2.2,2.2,2.2,2.2,1.6,1.3,1.1,0.9,0.7,0.5,0.3
12,44949,39,35,51,42101,1,41.504661,-81.690186,1999,8542,98,354,365,0,0,0.0,0.0,0,0.678459,0.440104,4.8,4.8,4.7,4.6,4.8,3.9,2.5,2.0,1.5,1.2,0.8,0.6,0.3
13,45717,16,1,14,42101,1,43.616379,-116.203817,1994,4909,56,203,365,0,0,0.0,0.0,0,1.751803,0.875985,6.8,6.7,6.6,6.5,6.8,5.4,4.3,4.0,3.4,3.0,2.2,1.6,0.8
14,47450,42,69,2006,42101,1,41.442778,-75.623056,1997,8697,99,361,365,0,0,0.0,0.0,0,0.324894,0.368655,3.0,2.9,2.9,2.9,3.0,2.8,1.8,1.5,1.0,0.7,0.5,0.2,0.0
15,48516,8,123,9,42101,1,40.386368,-104.73744,2016,8214,94,328,366,0,0,0.0,0.0,0,0.239956,0.12243,1.1,1.1,1.0,1.0,1.1,0.9,0.7,0.6,0.5,0.4,0.3,0.2,0.1
16,49590,12,86,31,42101,1,25.622049,-80.344255,1998,7987,91,327,365,0,0,0.0,0.0,0,0.706786,0.285485,2.7,2.6,2.6,2.4,2.7,2.0,1.5,1.4,1.3,1.1,0.9,0.7,0.4
17,52323,12,103,18,42101,1,27.785866,-82.739875,1996,8553,97,350,366,0,0,0.0,0.0,0,0.350976,0.280087,2.2,2.2,2.2,2.1,2.2,2.1,1.3,1.1,0.8,0.7,0.5,0.3,0.0
18,59559,21,111,51,42101,1,38.06091,-85.89804,1995,8551,98,356,365,0,0,0.0,0.0,0,0.504514,0.483596,3.4,3.3,3.3,3.2,3.4,2.4,1.8,1.6,1.4,1.3,0.8,0.4,0.0
19,59598,21,111,1019,42101,1,38.229,-85.7018,1995,8552,98,357,365,0,0,0.0,0.0,0,0.959928,0.571659,4.2,4.2,4.1,4.1,4.2,4.1,2.8,2.5,2.0,1.7,1.2,0.9,0.3
20,59794,48,29,46,42101,1,29.426944,-98.486389,1996,6239,71,246,366,0,0,0.0,0.0,0,0.703927,0.487654,6.6,6.5,6.3,6.1,6.6,4.5,2.8,2.0,1.5,1.2,0.8,0.6,0.3
21,60165,27,137,18,42101,1,46.78362,-92.10251,2012,8402,96,348,366,0,0,0.0,0.0,0,0.147286,0.158617,1.0,1.0,1.0,1.0,1.0,1.0,0.7,0.6,0.4,0.3,0.2,0.1,0.0
22,60394,32,31,20,42101,1,39.469219,-119.775354,1995,8687,99,362,365,0,0,0.0,0.0,0,0.86504,0.376321,3.2,3.1,3.1,3.0,3.2,2.5,2.0,1.7,1.5,1.3,1.1,0.8,0.4
23,64559,18,157,6,42101,1,40.445591,-86.856953,1995,6356,73,263,365,0,0,0.0,0.0,0,0.262492,0.134485,1.6,1.5,1.5,1.5,1.6,1.4,0.8,0.7,0.6,0.4,0.3,0.2,0.2
24,64944,41,51,80,42101,1,45.496641,-122.602877,2013,8210,94,337,365,0,0,0.0,0.0,0,0.289196,0.213496,2.0,2.0,2.0,2.0,2.0,1.8,1.2,1.0,0.7,0.5,0.3,0.2,0.1
25,71648,30,111,79,42101,1,45.76939,-108.574985,1996,8634,98,359,366,0,0,0.0,0.0,0,0.942669,0.768225,8.2,7.9,7.8,7.3,8.2,7.1,3.8,3.2,2.3,1.8,1.3,0.8,0.2
26,78134,32,31,2002,42101,1,39.250409,-119.956738,2001,8008,91,334,365,0,0,0.0,0.0,0,0.471254,0.209003,1.8,1.8,1.8,1.6,1.8,1.6,1.1,0.9,0.7,0.7,0.6,0.5,0.1
27,79134,40,143,1127,42101,1,36.204902,-95.976537,2011,8642,99,359,365,0,0,0.0,0.0,0,0.272391,0.152422,1.4,1.4,1.4,1.3,1.4,1.4,0.9,0.7,0.6,0.5,0.3,0.2,0.2
28,83017,39,81,1001,42101,1,40.32207,-80.6063,2005,8589,98,357,365,0,0,0.0,0.0,0,0.542694,0.402318,4.5,4.4,4.4,4.3,4.5,4.4,2.3,1.8,1.2,0.9,0.6,0.4,0.3
29,84315,26,163,1,42101,1,42.22862,-83.2082,1989,8493,97,348,365,0,0,0.0,0.0,0,0.813929,0.605714,6.8,6.8,6.6,6.3,6.8,5.4,3.3,2.6,1.9,1.5,1.0,0.6,0.3
30,87632,30,29,46,42101,1,48.204404,-114.306797,1998,8539,97,354,365,0,0,0.0,0.0,0,0.597459,0.368586,2.8,2.7,2.7,2.7,2.8,2.4,1.9,1.6,1.3,1.1,0.8,0.5,0.2
31,90140,10,3,1008,42101,1,39.57768,-75.6036,1995,7564,86,308,365,0,0,0.0,0.0,0,0.637837,0.232535,1.5,1.5,1.5,1.5,1.5,1.5,1.3,1.2,1.1,1.0,0.8,0.6,0.4
32,96530,4,19,2,42101,1,32.222058,-110.974681,1989,8616,98,356,365,0,0,0.0,0.0,0,1.579352,0.86886,6.5,6.5,6.3,6.1,6.5,5.8,4.2,3.8,3.3,2.8,2.0,1.4,0.7
33,99848,32,31,2009,42101,1,39.645264,-119.840025,1996,8289,94,337,366,0,0,0.0,0.0,0,0.687622,0.426602,3.4,3.3,3.3,3.2,3.4,3.3,2.2,2.0,1.6,1.2,0.9,0.6,0.3
34,102322,32,3,538,42101,1,36.142957,-115.056305,1998,8464,97,351,365,0,0,0.0,0.0,0,0.63587,0.786785,6.3,6.1,5.9,5.7,6.3,5.1,3.4,2.8,2.2,1.7,1.0,0.3,0.0
35,103892,40,143,191,42101,1,36.141697,-95.983793,2010,8725,100,363,365,0,0,0.0,0.0,0,0.332401,0.179372,2.2,2.2,2.2,2.1,2.2,1.8,0.8,0.7,0.6,0.5,0.4,0.3,0.1
36,110574,48,309,1037,42101,1,31.653074,-97.070698,2007,6078,69,252,365,0,0,0.0,0.0,0,0.221241,0.106856,0.6,0.5,0.5,0.5,0.6,0.5,0.5,0.4,0.4,0.3,0.3,0.2,0.1
37,120701,8,41,6,42101,1,38.85054,-104.83063,1990,5699,65,234,365,0,0,0.0,0.0,0,1.327479,1.061322,7.2,7.2,6.9,6.9,7.2,6.9,4.8,4.2,3.5,2.8,1.8,1.0,0.3
38,129067,6,37,5001,42101,1,33.92288,-118.37026,1999,8744,100,364,365,0,0,0.0,0.0,0,1.095837,1.323833,8.4,8.4,8.3,8.2,8.4,7.9,5.9,5.4,4.2,3.0,1.3,0.5,0.2
39,135325,34,3,4,42101,1,40.854583,-73.967772,1999,8712,99,363,365,0,0,0.0,0.0,0,1.40551,0.561111,4.0,3.9,3.9,3.8,4.0,3.8,2.9,2.7,2.4,2.1,1.8,1.4,0.7
40,136364,39,153,22,42101,1,41.080266,-81.516228,1996,8732,99,363,366,0,0,0.0,0.0,0,0.98383,0.466264,3.5,3.4,3.3,3.3,3.5,3.3,2.5,2.2,1.9,1.6,1.2,0.9,0.5
41,142956,8,59,2,42101,1,39.800333,-105.099973,1990,8696,99,360,365,0,0,0.0,0.0,0,1.091329,0.869122,5.3,5.2,5.2,5.1,5.3,5.2,4.2,3.7,3.0,2.4,1.4,0.8,0.4
42,149427,17,143,36,42101,1,40.700072,-89.613414,2001,8496,97,353,365,0,0,0.0,0.0,0,1.001059,0.573835,4.7,4.5,4.3,4.1,4.7,3.5,2.6,2.4,2.1,1.8,1.3,0.9,0.3
43,153732,48,439,1002,42101,1,32.805818,-97.356568,2010,8516,97,350,365,0,0,0.0,0.0,0,0.229732,0.137903,1.3,1.2,1.1,1.0,1.3,1.0,0.7,0.6,0.5,0.4,0.3,0.2,0.1
44,154490,55,101,17,42101,1,42.713897,-87.798634,1989,8521,97,354,365,0,0,0.0,0.0,0,1.518953,0.97927,6.6,6.6,6.6,6.4,6.6,6.4,4.9,4.4,3.6,2.9,1.9,1.3,0.5
45,157564,4,19,1024,42101,1,32.295909,-110.823422,1991,7291,83,299,365,0,0,0.0,0.0,0,0.778508,0.397234,3.1,3.0,3.0,2.9,3.1,3.0,2.1,1.8,1.5,1.3,1.0,0.7,0.4
46,162483,4,19,1014,42101,1,32.20739,-110.910619,1989,8653,99,360,365,0,0,0.0,0.0,0,2.14172,1.181344,7.9,7.7,7.5,7.4,7.9,7.1,5.5,5.1,4.4,3.8,2.8,1.9,0.8
47,165742,6,71,1004,42101,1,34.10374,-117.62914,2013,8268,94,339,365,0,0,0.0,0.0,0,0.379463,0.14454,1.4,1.3,1.3,1.3,1.4,1.2,0.8,0.7,0.6,0.6,0.5,0.4,0.2
48,184507,4,19,1011,42101,1,32.204411,-110.878067,1993,8436,96,349,365,0,0,0.0,0.0,0,0.742805,0.385141,5.1,5.1,4.9,4.7,5.1,3.1,1.9,1.7,1.4,1.2,0.9,0.7,0.3
49,192711,9,5,4,42101,1,41.64486,-73.07908,2007,8544,98,351,365,0,0,0.0,0.0,0,0.271524,0.115265,0.8,0.8,0.8,0.8,0.8,0.8,0.6,0.6,0.5,0.4,0.3,0.2,0.2
50,196048,4,19,1021,42101,1,32.0475,-110.773889,2001,5448,62,227,365,0,0,0.0,0.0,0,0.52254,0.464995,2.8,2.7,2.7,2.6,2.8,2.6,1.9,1.7,1.4,1.2,0.8,0.4,0.0
51,201874,39,35,51,42101,1,41.504661,-81.690186,2003,8414,96,346,365,0,0,0.0,0.0,0,0.350725,0.334464,3.1,2.9,2.9,2.7,3.1,2.7,1.5,1.3,1.0,0.8,0.5,0.3,0.0
52,202677,41,51,80,42101,1,45.496641,-122.602877,2008,8144,93,336,366,0,0,0.0,0.0,0,0.350675,0.290311,3.1,3.1,3.0,3.0,3.1,2.5,1.6,1.3,0.9,0.6,0.4,0.3,0.1
53,203190,4,13,19,42101,1,33.48385,-112.14257,1996,8093,92,335,366,0,0,0.0,0.0,0,1.609181,1.51397,8.5,8.3,8.3,8.2,8.5,8.2,6.5,5.9,5.0,3.9,2.2,1.0,0.4
54,205367,39,35,51,42101,1,41.504661,-81.690186,2009,8416,96,344,365,0,0,0.0,0.0,0,0.326283,0.494183,7.1,6.8,6.6,6.6,7.1,6.6,2.2,1.5,0.9,0.7,0.4,0.2,0.0
55,208320,12,103,2008,42101,1,27.892801,-82.680378,1996,8419,96,342,366,0,0,0.0,0.0,0,0.865079,0.506033,2.7,2.7,2.7,2.6,2.7,2.7,2.2,2.0,1.8,1.6,1.2,0.8,0.3
56,209356,27,123,50,42101,1,44.9558,-93.14585,2012,8766,100,365,366,0,0,0.0,0.0,0,0.119792,0.195924,2.3,2.2,2.1,2.1,2.3,1.5,0.9,0.7,0.5,0.3,0.2,0.0,0.0
57,211288,41,51,80,42101,1,45.496641,-122.602877,1994,4281,49,176,365,0,0,0.0,0.0,0,0.741089,0.709815,6.1,6.0,5.7,5.7,6.1,5.7,3.5,2.9,2.2,1.7,0.9,0.5,0.2
58,212994,39,49,5,42101,1,40.060124,-82.976857,2007,8627,98,358,365,0,0,0.0,0.0,0,0.346494,0.165252,1.6,1.6,1.6,1.5,1.6,1.6,1.0,0.8,0.6,0.5,0.4,0.3,0.2
59,222659,35,1,23,42101,1,35.1343,-106.5852,2011,8488,97,352,365,0,0,0.0,0.0,0,0.208141,0.151357,1.3,1.3,1.3,1.3,1.3,1.3,0.8,0.7,0.5,0.4,0.2,0.2,0.1
60,230495,29,95,37,42101,1,39.037778,-94.5875,2003,2151,25,90,365,0,0,0.0,0.0,0,0.475965,0.261665,2.0,2.0,2.0,1.8,2.0,1.8,1.3,1.1,0.9,0.8,0.6,0.5,0.2
61,237381,6,71,1,42101,1,34.895007,-117.024484,1996,8430,96,347,366,0,0,0.0,0.0,0,0.362681,0.320172,2.3,2.3,2.3,2.3,2.3,2.1,1.5,1.3,1.0,0.8,0.5,0.3,0.1
62,240334,36,5,83,42101,1,40.86585,-73.88083,1995,8321,95,346,365,0,0,0.0,0.0,0,0.728362,0.404742,3.7,3.6,3.6,3.6,3.7,3.6,2.3,2.0,1.5,1.2,0.8,0.6,0.4
63,243605,12,86,31,42101,1,25.622049,-80.344255,2010,8486,97,352,365,0,0,0.0,0.0,0,0.384327,0.285488,1.1,1.1,1.1,1.1,1.1,1.0,1.0,0.9,0.9,0.8,0.6,0.4,0.0
64,245421,18,89,15,42101,1,41.628647,-87.46143,1990,7486,85,307,365,0,0,0.0,0.0,0,0.853647,0.514749,4.4,4.3,4.3,4.3,4.4,3.8,2.7,2.3,1.8,1.5,1.1,0.7,0.3
65,250991,4,13,19,42101,1,33.48385,-112.14257,2004,8488,97,351,366,0,0,0.0,0.0,0,0.78009,0.789682,5.2,5.2,5.1,5.0,5.2,5.1,3.4,3.0,2.5,2.0,1.1,0.5,0.1
66,260716,26,163,26,42101,1,42.359175,-83.255146,2001,8693,99,361,365,0,0,0.0,0.0,0,0.314126,0.263317,3.8,3.8,3.7,3.7,3.8,2.9,1.2,1.0,0.8,0.6,0.4,0.3,0.1
67,271591,34,7,1001,42101,1,39.68425,-74.861491,1999,8732,100,365,365,0,0,0.0,0.0,0,0.301145,0.124056,1.4,1.3,1.3,1.2,1.4,1.0,0.8,0.6,0.5,0.4,0.4,0.3,0.2
68,274338,50,7,7,42101,1,44.52839,-72.86884,2014,5320,61,216,365,0,0,0.0,0.0,0,0.126109,0.072299,0.6,0.6,0.6,0.5,0.6,0.4,0.3,0.3,0.2,0.2,0.2,0.1,0.0
69,275834,6,67,6,42101,1,38.613779,-121.368014,2011,8554,98,354,365,0,0,0.0,0.0,0,0.298843,0.273178,2.3,2.2,2.2,2.2,2.3,2.2,1.5,1.2,0.8,0.6,0.3,0.2,0.1
70,277132,20,209,21,42101,1,39.117219,-94.635605,2003,7054,81,292,365,0,0,0.0,0.0,0,0.548115,0.475179,3.0,3.0,3.0,3.0,3.0,3.0,2.0,1.6,1.3,1.1,0.9,0.5,0.0
71,278801,29,95,37,42101,1,39.037778,-94.5875,2001,8571,98,355,365,0,0,0.0,0.0,0,0.521199,0.445546,3.9,3.9,3.8,3.8,3.9,3.6,2.0,1.7,1.4,1.1,0.7,0.4,0.1
72,288562,6,1,2004,42101,1,37.877794,-122.30129,2010,8587,98,350,365,0,0,0.0,0.0,0,0.316886,0.180641,1.5,1.5,1.5,1.4,1.5,1.4,1.0,0.9,0.7,0.6,0.4,0.3,0.2
73,290075,39,151,20,42101,1,40.800729,-81.373008,1998,8649,99,358,365,0,0,0.0,0.0,0,0.705469,0.315234,4.3,4.3,4.1,4.0,4.3,3.5,1.8,1.4,1.2,1.0,0.8,0.7,0.4
74,292227,40,115,9004,42101,1,36.922222,-94.838889,2001,8105,93,336,365,0,0,0.0,0.0,0,0.039149,0.05256,0.3,0.3,0.3,0.3,0.3,0.3,0.2,0.1,0.1,0.1,0.1,0.0,0.0
75,301717,27,3,600,42101,1,45.07694,-93.2541,1997,7989,91,330,365,0,0,0.0,0.0,0,0.624747,0.244319,2.6,2.5,2.5,2.5,2.6,2.4,1.4,1.3,1.1,0.9,0.7,0.6,0.4
76,304024,4,19,1031,42101,1,32.1912,-110.840582,2015,4346,50,181,365,0,0,0.0,0.0,0,0.309641,0.175158,1.0,1.0,1.0,1.0,1.0,0.9,0.7,0.7,0.6,0.5,0.4,0.3,0.1
77,307490,16,1,14,42101,1,43.616379,-116.203817,1997,8011,91,332,365,0,0,0.0,0.0,0,1.521533,0.847403,8.0,7.8,7.7,7.6,8.0,6.2,4.2,3.6,3.1,2.7,2.0,1.3,0.6
78,308390,6,111,2002,42101,1,34.276362,-118.683757,1998,8485,97,349,365,0,0,0.0,0.0,0,0.653353,0.438072,3.5,3.4,3.2,3.2,3.5,2.9,2.2,1.9,1.5,1.3,0.8,0.5,0.2
79,308525,17,31,63,42101,1,41.877682,-87.635027,2007,8530,97,354,365,0,0,0.0,0.0,0,0.449812,0.176635,1.5,1.5,1.5,1.4,1.5,1.4,1.0,0.9,0.8,0.7,0.5,0.4,0.2
80,318854,4,19,1031,42101,1,32.1912,-110.840582,2006,5074,58,212,365,0,0,0.0,0.0,0,0.520733,0.309581,1.8,1.8,1.7,1.7,1.8,1.6,1.4,1.2,1.1,0.9,0.7,0.5,0.1
81,343383,25,13,16,42101,1,42.108992,-72.590803,2002,8676,99,361,365,0,0,0.0,0.0,0,0.705844,0.391455,4.2,4.1,3.9,3.8,4.2,3.3,2.3,1.9,1.3,1.1,0.8,0.7,0.3
82,345154,4,13,4005,42101,1,33.4124,-111.93473,2004,4930,56,205,366,0,0,0.0,0.0,0,0.419777,0.345977,1.9,1.9,1.8,1.7,1.9,1.7,1.5,1.3,1.1,0.9,0.6,0.3,0.0
83,354101,30,13,1025,42101,1,47.496347,-111.294975,1991,8412,96,349,365,0,0,4.0,4.0,0,1.22412,0.92347,10.4,10.1,9.8,9.5,10.4,6.6,4.4,3.6,2.9,2.3,1.7,1.0,0.2
84,356808,11,1,41,42101,1,38.895572,-76.958072,2006,8739,100,363,365,0,0,0.0,0.0,0,1.118389,0.466573,3.4,3.3,3.3,3.3,3.4,3.3,2.6,2.4,1.9,1.7,1.4,1.1,0.6
85,358612,44,7,1010,42101,1,41.841039,-71.36097,2000,7874,90,294,366,0,0,0.0,0.0,0,0.521044,0.28508,2.6,2.5,2.5,2.4,2.6,2.4,1.7,1.4,1.0,0.8,0.6,0.5,0.3
86,362570,4,19,1014,42101,1,32.20739,-110.910619,1991,8398,96,344,365,0,0,0.0,0.0,0,1.9181,0.990841,6.4,6.4,6.1,5.7,6.4,5.7,4.6,4.3,3.8,3.3,2.5,1.8,0.8
87,365778,47,157,21,42101,1,35.217501,-90.019707,1998,8705,99,363,365,0,0,0.0,0.0,0,0.499793,0.549358,4.9,4.9,4.8,4.5,4.9,4.1,2.8,2.3,1.6,1.1,0.6,0.3,0.1
88,366749,11,1,23,42101,1,38.903889,-77.046389,1990,7462,85,301,365,0,0,0.0,0.0,0,1.540847,0.887629,7.5,7.5,7.2,7.1,7.5,7.2,4.5,3.8,3.1,2.6,2.0,1.4,0.6
89,371333,41,51,80,42101,1,45.496641,-122.602877,2000,4316,49,179,366,0,0,0.0,0.0,0,0.593095,0.537031,4.1,4.0,3.9,3.8,4.1,3.8,2.7,2.3,1.7,1.2,0.8,0.4,0.1
90,372744,4,13,16,42101,1,33.49462,-112.13098,2004,8536,97,355,366,0,0,0.0,0.0,0,0.995525,0.769378,4.7,4.7,4.6,4.6,4.7,4.6,3.5,3.2,2.6,2.1,1.3,0.7,0.3
91,373064,6,37,2,42101,1,34.1365,-117.92391,2010,8595,98,353,365,0,0,0.0,0.0,0,0.400349,0.159626,1.4,1.4,1.3,1.3,1.4,1.3,0.9,0.8,0.7,0.6,0.5,0.4,0.2
92,378041,25,25,2,42101,1,42.348873,-71.097163,1994,8610,98,357,365,0,0,0.0,0.0,0,1.14439,0.585708,3.7,3.7,3.7,3.7,3.7,3.7,3.0,2.6,2.2,1.9,1.5,1.0,0.5
93,381099,4,13,3003,42101,1,33.47968,-111.91721,2004,4911,56,204,366,0,0,0.0,0.0,0,0.640073,0.418126,2.4,2.4,2.4,2.3,2.4,2.4,1.9,1.7,1.4,1.2,0.9,0.6,0.1
94,383717,8,77,18,42101,1,39.064289,-108.56155,2016,7768,88,308,366,0,0,0.0,0.0,0,0.26716,0.132088,1.3,1.3,1.2,1.1,1.3,1.0,0.7,0.6,0.5,0.4,0.3,0.2,0.1
95,389867,39,49,5,42101,1,40.060124,-82.976857,1991,8684,99,362,365,0,0,0.0,0.0,0,1.111642,0.770371,6.6,6.6,6.5,6.5,6.6,6.5,3.6,3.0,2.5,2.0,1.4,1.0,0.3
96,389953,48,113,69,42101,2,32.820061,-96.860117,2008,6584,75,271,366,0,0,0.0,0.0,0,0.313108,0.204973,2.0,2.0,1.9,1.9,2.0,1.6,1.0,0.9,0.7,0.6,0.4,0.3,0.1
97,390210,4,13,3002,42101,1,33.45793,-112.04601,1996,8521,97,352,366,0,0,0.0,0.0,0,1.558139,1.266005,8.4,8.1,7.8,7.7,8.4,7.5,5.9,5.4,4.4,3.4,2.0,1.1,0.5
98,394572,42,79,2100,42101,1,41.250278,-75.880278,1997,8685,99,359,365,0,0,0.0,0.0,0,0.647565,0.36845,3.4,3.3,3.3,3.3,3.4,3.3,1.8,1.6,1.3,1.1,0.8,0.6,0.2
99,401078,18,141,13,42101,1,41.676992,-86.251674,1994,8101,92,337,365,0,0,0.0,0.0,0,0.836452,0.495992,5.9,5.9,5.6,5.4,5.9,4.2,2.7,2.1,1.7,1.4,1.1,0.7,0.3
100,404165,4,19,1031,42101,1,32.1912,-110.840582,2009,4360,50,182,365,0,0,0.0,0.0,0,0.396789,0.176007,1.1,1.1,1.0,1.0,1.1,1.0,0.9,0.8,0.7,0.6,0.5,0.4,0.2
101,406535,39,35,53,42101,1,41.441532,-81.704453,2001,8707,99,361,365,0,0,0.0,0.0,0,0.558321,0.357976,2.3,2.3,2.2,2.1,2.3,2.1,1.7,1.5,1.3,1.1,0.7,0.5,0.2
102,426299,4,13,1003,42101,1,33.41045,-111.86507,2004,5050,57,210,366,0,0,0.0,0.0,0,0.461842,0.323649,1.7,1.7,1.7,1.7,1.7,1.7,1.5,1.3,1.1,0.9,0.6,0.4,0.1
103,431266,35,1,23,42101,1,35.1343,-106.5852,2000,8642,98,358,366,0,0,0.0,0.0,0,0.787931,0.498886,3.4,3.4,3.3,3.3,3.4,3.3,2.5,2.3,1.8,1.4,1.0,0.7,0.3
104,431656,6,83,2011,42101,1,34.44551,-119.8284,2005,8406,96,362,365,0,0,0.0,0.0,0,0.250678,0.144349,0.8,0.8,0.8,0.8,0.8,0.8,0.6,0.5,0.5,0.4,0.3,0.3,0.0
105,434582,55,79,26,42101,1,43.060975,-87.913504,2004,8674,99,359,366,0,0,0.0,0.0,0,0.409799,0.202676,3.1,3.0,3.0,2.9,3.1,3.0,1.2,0.9,0.7,0.6,0.5,0.3,0.3
106,435350,5,119,7,42101,2,34.756189,-92.281296,2011,8749,100,365,365,0,0,0.0,0.0,0,0.465207,0.202733,1.4,1.4,1.4,1.3,1.4,1.3,1.0,0.9,0.8,0.7,0.6,0.4,0.2
107,436369,4,13,3010,42101,1,33.46093,-112.11748,2004,8741,100,364,366,0,0,0.0,0.0,0,1.035923,0.613423,4.9,4.9,4.7,4.7,4.9,4.3,3.1,2.8,2.3,1.9,1.3,0.9,0.4
108,436681,50,7,14,42101,1,44.4762,-73.2106,2013,8679,99,362,365,0,0,0.0,0.0,0,0.406614,0.159388,1.0,0.9,0.9,0.9,1.0,0.9,0.8,0.7,0.7,0.6,0.5,0.4,0.2
109,439541,17,167,8,42101,1,39.799309,-89.647608,2001,8678,99,361,365,0,0,0.0,0.0,0,0.521076,0.226374,3.5,3.5,3.5,3.4,3.5,2.8,1.1,1.0,0.9,0.8,0.6,0.5,0.3
110,442734,25,25,2,42101,1,42.348873,-71.097163,1999,8507,97,343,365,0,0,0.0,0.0,0,0.794181,0.366984,4.2,4.2,4.1,4.1,4.2,3.6,2.1,1.7,1.4,1.2,0.9,0.7,0.4
111,442925,39,81,16,42101,1,40.362847,-80.615352,1999,8595,98,356,365,0,0,0.0,0.0,0,0.523293,0.467326,3.2,3.0,3.0,3.0,3.2,3.0,2.3,2.0,1.5,1.1,0.7,0.4,0.1
112,447080,41,51,80,42101,1,45.496641,-122.602877,2007,8566,98,356,365,0,0,0.0,0.0,0,0.352767,0.323969,3.1,3.1,2.9,2.9,3.1,2.7,1.9,1.4,0.9,0.7,0.4,0.3,0.1
113,447151,27,53,954,42101,1,44.980995,-93.273719,2012,8753,100,365,366,0,0,0.0,0.0,0,0.090255,0.110889,1.3,1.2,1.2,1.2,1.3,1.1,0.5,0.4,0.3,0.2,0.1,0.1,0.0
114,449944,11,1,23,42101,1,38.903889,-77.046389,2006,8755,100,365,365,0,0,0.0,0.0,0,0.769732,0.2381,2.6,2.5,2.5,2.3,2.6,2.3,1.5,1.3,1.2,1.1,0.9,0.7,0.5
115,450695,4,19,1014,42101,1,32.20739,-110.910619,2001,8680,99,361,365,0,0,0.0,0.0,0,1.015104,0.480778,3.0,3.0,2.9,2.9,3.0,2.9,2.3,2.2,1.9,1.7,1.3,0.9,0.5
116,463235,40,143,191,42101,1,36.141697,-95.983793,2003,8703,99,361,365,0,0,0.0,0.0,0,0.71149,0.247398,2.4,2.3,2.3,2.2,2.4,2.2,1.5,1.4,1.1,1.0,0.8,0.7,0.5
117,463899,22,33,9,42101,1,30.46198,-91.17922,2007,8373,96,347,365,0,0,0.0,0.0,0,0.384701,0.253172,1.8,1.7,1.7,1.7,1.8,1.6,1.1,1.0,0.9,0.7,0.5,0.4,0.1
118,466457,11,1,43,42101,1,38.921847,-77.013178,2013,7682,88,316,365,0,0,0.0,0.0,0,0.215413,0.13651,1.2,1.2,1.2,1.1,1.2,1.0,0.7,0.6,0.4,0.3,0.3,0.2,0.0
119,470258,27,123,50,42101,1,44.9558,-93.14585,1992,8445,96,350,366,0,0,0.0,0.0,0,1.699657,0.854775,7.5,7.5,7.4,7.3,7.5,7.5,4.1,3.7,3.2,2.8,2.2,1.6,0.8
120,477309,9,9,25,42101,1,41.309167,-72.923333,1996,8298,94,340,366,0,0,0.0,0.0,0,0.934719,0.385511,3.0,2.9,2.9,2.8,3.0,2.9,2.2,2.0,1.7,1.4,1.1,0.9,0.5
121,487739,16,27,6,42101,1,43.579446,-116.561111,2000,8720,99,362,366,0,0,0.0,0.0,0,1.621869,0.835418,5.3,5.3,5.1,5.1,5.3,5.1,3.9,3.6,3.2,2.8,2.1,1.5,0.6
122,501391,1,73,23,42101,2,33.553056,-86.815,2011,8030,92,340,365,0,0,0.0,0.0,0,0.41396,0.16759,1.3,1.2,1.2,1.2,1.3,1.2,1.0,0.9,0.7,0.6,0.5,0.4,0.3
123,502485,39,95,23,42101,1,41.654804,-83.666561,1997,8707,99,361,365,0,0,0.0,0.0,0,0.452142,0.300969,2.1,2.0,2.0,1.9,2.1,1.9,1.4,1.3,1.0,0.8,0.6,0.4,0.1
124,502708,48,439,3011,42101,1,32.656357,-97.088585,2009,8413,96,349,365,0,0,0.0,0.0,0,0.232046,0.121373,1.2,1.1,1.1,1.1,1.2,1.1,0.7,0.6,0.4,0.4,0.3,0.2,0.1
125,508889,48,141,44,42101,1,31.765685,-106.455227,2006,8685,99,358,365,0,0,0.0,0.0,0,0.511215,0.413681,4.9,4.8,4.4,4.2,4.9,3.8,2.3,1.8,1.2,0.9,0.6,0.4,0.2
126,523012,42,91,13,42101,1,40.112222,-75.309167,1997,8511,97,352,365,0,0,0.0,0.0,0,0.59167,0.330964,2.3,2.2,2.2,2.2,2.3,2.2,1.5,1.3,1.1,1.0,0.8,0.6,0.1
127,524970,8,1,3001,42101,1,39.838119,-104.94984,2016,8295,94,336,366,0,0,0.0,0.0,0,0.401603,0.196757,1.6,1.6,1.5,1.5,1.6,1.5,1.1,1.0,0.8,0.7,0.5,0.4,0.2
128,527077,40,109,33,42101,1,35.477036,-97.494309,2009,8719,100,363,365,0,0,0.0,0.0,0,0.523294,0.246963,1.5,1.5,1.4,1.4,1.5,1.2,1.0,0.9,0.9,0.8,0.7,0.5,0.2
129,527418,11,1,41,42101,1,38.895572,-76.958072,2003,8519,97,351,365,0,0,0.0,0.0,0,0.90027,0.626415,4.5,4.5,4.3,4.3,4.5,4.0,3.1,2.6,2.1,1.6,1.2,0.8,0.2
130,528247,36,29,16,42101,1,42.886447,-78.888925,1995,8663,99,359,365,0,0,0.0,0.0,0,0.752949,0.318654,2.8,2.8,2.7,2.7,2.8,2.7,1.8,1.6,1.3,1.2,0.9,0.7,0.4
131,528723,9,9,27,42101,1,41.3014,-72.902871,2008,5395,61,222,366,0,0,0.0,0.0,0,0.361131,0.206898,1.9,1.9,1.8,1.8,1.9,1.6,1.1,1.0,0.7,0.6,0.4,0.3,0.2
132,530260,12,103,2008,42101,1,27.892801,-82.680378,1998,8491,97,350,365,0,0,0.0,0.0,0,1.043128,0.441313,3.0,3.0,2.9,2.8,3.0,2.6,2.1,2.0,1.9,1.7,1.3,1.0,0.5
133,532190,6,85,5,42101,1,37.348497,-121.894898,2004,8678,99,357,366,0,0,0.0,0.0,0,0.638707,0.428156,3.0,2.9,2.9,2.9,3.0,2.9,2.3,2.1,1.5,1.2,0.7,0.5,0.3
134,532804,20,173,1014,42101,1,37.686403,-97.338379,1988,8446,96,349,366,0,0,0.0,0.0,0,1.62098,1.091418,8.9,8.7,8.1,8.1,8.9,8.1,5.2,4.6,3.8,3.1,2.1,1.3,0.5
135,549716,4,13,1004,42101,1,33.56033,-112.06626,1996,8561,97,354,366,0,0,0.0,0.0,0,1.10528,0.658468,3.9,3.8,3.7,3.7,3.9,3.7,3.0,2.8,2.4,2.1,1.5,0.9,0.4
136,550432,30,13,1025,42101,1,47.496347,-111.294975,1996,7913,90,327,366,0,0,0.0,0.0,0,1.083154,0.655696,8.5,8.1,8.1,8.0,8.5,5.4,3.4,2.8,2.2,1.8,1.4,1.0,0.4
137,552164,6,85,5,42101,1,37.348497,-121.894898,2007,8635,99,353,365,0,0,0.0,0.0,0,0.448929,0.365259,2.7,2.7,2.5,2.5,2.7,2.4,1.9,1.6,1.3,0.9,0.5,0.3,0.2
138,553627,17,31,4002,42101,1,41.855243,-87.75247,1993,8480,97,353,365,0,0,0.0,0.0,0,0.68375,0.465541,5.5,5.5,5.3,5.2,5.5,4.5,2.2,1.9,1.4,1.2,0.9,0.6,0.2
139,560409,35,1,28,42101,1,35.102652,-106.577438,2012,7854,89,322,366,0,0,0.0,0.0,0,0.499567,0.417535,2.7,2.6,2.6,2.4,2.7,2.2,1.7,1.6,1.3,1.1,0.7,0.4,0.0
140,570999,18,163,22,42101,1,37.977647,-87.596781,2012,7796,89,321,366,0,0,0.0,0.0,0,0.877206,0.603337,5.7,5.5,5.4,5.1,5.7,4.7,3.1,2.6,2.0,1.6,1.1,0.8,0.2
141,585182,4,19,1011,42101,1,32.204411,-110.878067,1995,8646,99,359,365,0,0,0.0,0.0,0,0.576764,0.360644,3.0,3.0,3.0,3.0,3.0,2.6,1.8,1.6,1.3,1.0,0.7,0.5,0.2
142,589932,17,143,36,42101,1,40.700072,-89.613414,2002,8737,100,365,365,0,0,0.0,0.0,0,0.959746,0.539219,4.0,3.9,3.8,3.8,4.0,3.1,2.4,2.2,2.0,1.7,1.3,0.9,0.3
143,593249,17,197,1011,42101,1,41.221537,-88.190967,2000,8412,96,346,366,0,0,0.0,0.0,0,0.204339,0.10597,0.7,0.7,0.7,0.7,0.7,0.6,0.5,0.5,0.4,0.3,0.3,0.2,0.1
144,597155,12,31,80,42101,1,30.309119,-81.652341,1998,8252,94,335,365,0,0,0.0,0.0,0,0.432429,0.306533,4.5,4.4,4.3,4.3,4.5,2.9,1.5,1.3,0.9,0.7,0.5,0.4,0.1
145,597714,18,163,12,42101,1,38.021727,-87.569458,1991,7873,90,324,365,0,0,0.0,0.0,0,0.47668,0.307188,2.7,2.7,2.6,2.6,2.7,2.6,1.8,1.4,1.1,0.8,0.5,0.3,0.3
146,599424,6,65,5001,42101,1,33.85275,-116.54101,2010,8641,99,357,365,0,0,0.0,0.0,0,0.178521,0.070656,0.6,0.6,0.5,0.5,0.6,0.5,0.4,0.3,0.3,0.3,0.2,0.2,0.1
147,606777,11,1,23,42101,1,38.903889,-77.046389,2008,8755,100,365,366,0,0,0.0,0.0,0,0.617567,0.229167,2.6,2.6,2.5,2.4,2.6,1.8,1.2,1.1,1.0,0.9,0.7,0.6,0.4
148,609081,25,27,23,42101,1,42.263955,-71.794322,2010,8412,96,346,365,0,0,0.0,0.0,0,0.501153,0.178028,1.7,1.6,1.6,1.5,1.7,1.4,1.0,0.9,0.8,0.7,0.6,0.5,0.3
149,611434,39,153,20,42101,1,41.106486,-81.503547,2005,8754,100,365,365,0,0,0.0,0.0,0,0.420368,0.230656,1.9,1.9,1.8,1.8,1.9,1.6,1.2,1.0,0.8,0.7,0.5,0.4,0.1
150,616351,27,53,954,42101,1,44.980995,-93.273719,1993,8482,97,352,365,0,0,0.0,0.0,0,1.051391,0.61887,4.1,4.1,4.0,4.0,4.1,4.1,3.1,2.7,2.3,1.9,1.4,0.9,0.4
151,617413,48,201,1037,42101,1,29.751111,-95.361389,1997,8103,93,321,365,0,0,0.0,0.0,0,0.574293,0.48834,3.5,3.5,3.4,3.4,3.5,3.5,2.1,1.8,1.4,1.2,0.9,0.5,0.0
152,617965,18,89,15,42101,1,41.628647,-87.46143,2015,7603,87,318,365,0,0,0.0,0.0,0,0.713218,0.272665,2.1,2.1,2.1,2.1,2.1,2.1,1.5,1.4,1.2,1.0,0.9,0.7,0.4
153,627035,42,3,31,42101,1,40.443367,-79.990293,2014,8699,99,362,365,0,0,0.0,0.0,0,0.242177,0.147749,1.8,1.7,1.7,1.7,1.8,1.6,0.7,0.6,0.5,0.4,0.3,0.2,0.1
154,628026,26,163,1,42101,1,42.22862,-83.2082,2007,5279,60,214,365,0,0,0.0,0.0,0,0.268176,0.157323,1.4,1.4,1.4,1.3,1.4,1.4,0.9,0.7,0.6,0.4,0.3,0.2,0.1
155,628417,32,31,1005,42101,1,39.540917,-119.746761,1995,8692,99,361,365,0,0,0.0,0.0,0,1.178785,0.88689,7.2,7.2,6.9,6.7,7.2,5.5,4.1,3.7,3.1,2.4,1.6,0.9,0.3
156,632974,39,35,51,42101,1,41.504661,-81.690186,1996,8156,93,327,366,0,0,4.0,4.0,0,0.903372,0.701184,10.6,10.6,10.1,9.6,10.6,9.4,3.2,2.6,2.0,1.6,1.1,0.8,0.3
157,633505,4,19,1031,42101,1,32.1912,-110.840582,2010,4269,49,177,365,0,0,0.0,0.0,0,0.409206,0.196566,1.4,1.4,1.3,1.3,1.4,1.2,1.0,0.9,0.8,0.7,0.5,0.4,0.2
158,637876,32,510,4,42101,1,39.173056,-119.759167,2006,8626,98,359,365,0,0,0.0,0.0,0,0.391885,0.395935,2.8,2.8,2.8,2.7,2.8,2.7,1.9,1.6,1.3,0.9,0.5,0.3,0.1
159,640303,30,63,5,42101,1,46.848813,-114.017054,1991,4903,56,203,365,0,0,13.0,13.0,0,3.169529,1.797404,10.3,10.2,10.0,9.9,10.3,9.9,8.8,8.1,6.6,5.6,4.1,2.9,1.1
160,652710,40,21,9002,42101,1,35.85408,-94.985964,2001,8721,100,364,365,0,0,0.0,0.0,0,0.02979,0.063698,0.6,0.5,0.5,0.5,0.6,0.5,0.3,0.2,0.1,0.1,0.0,0.0,0.0
161,657788,6,67,6,42101,1,38.613779,-121.368014,2010,8523,97,348,365,0,0,0.0,0.0,0,0.286073,0.186406,1.6,1.6,1.5,1.5,1.6,1.5,1.0,0.9,0.7,0.5,0.3,0.2,0.1
162,661655,2,20,18,42101,1,61.205861,-149.824602,1997,4216,48,176,365,0,0,0.0,0.0,0,1.561385,1.035387,7.3,7.3,7.1,7.0,7.3,7.1,5.0,4.5,3.6,3.0,2.0,1.3,0.5
163,675387,6,37,1602,42101,1,34.01194,-118.06995,2010,8608,98,354,365,0,0,0.0,0.0,0,0.426382,0.309438,1.9,1.8,1.8,1.8,1.9,1.8,1.5,1.3,1.1,0.9,0.6,0.3,0.1
164,675685,39,153,22,42101,1,41.080266,-81.516228,2004,8740,99,364,366,0,0,0.0,0.0,0,0.462414,0.304756,2.3,2.3,2.2,2.2,2.3,2.2,1.5,1.3,1.0,0.8,0.6,0.4,0.2
165,677839,6,87,3,42101,1,37.011894,-122.194413,2002,8023,92,333,365,0,0,0.0,0.0,0,0.369114,0.13788,0.8,0.8,0.8,0.8,0.8,0.8,0.7,0.6,0.6,0.5,0.5,0.4,0.2
166,679248,51,13,20,42101,1,38.8577,-77.05922,1996,8740,99,365,366,0,0,0.0,0.0,0,0.5204,0.446614,4.3,4.3,4.2,4.0,4.3,4.0,2.3,1.8,1.3,1.0,0.7,0.4,0.1
167,680969,24,5,1007,42101,1,39.462029,-76.631673,2005,7955,91,329,365,0,0,0.0,0.0,0,0.374104,0.255792,1.8,1.8,1.7,1.7,1.8,1.7,1.2,1.0,0.8,0.7,0.5,0.3,0.1
168,686978,4,19,1024,42101,1,32.295909,-110.823422,1992,7839,89,317,366,0,0,0.0,0.0,0,0.542952,0.267579,2.2,2.0,1.9,1.9,2.2,1.8,1.4,1.2,1.0,0.9,0.7,0.5,0.2
169,697479,49,57,2,42101,1,41.206321,-111.975524,2016,7289,83,303,366,0,0,0.0,0.0,0,0.552806,0.286593,5.9,5.8,5.7,5.6,5.9,2.8,1.1,1.0,0.9,0.9,0.7,0.6,0.2
170,699090,17,143,36,42101,1,40.700072,-89.613414,1999,8584,98,358,365,0,0,0.0,0.0,0,1.195177,0.706784,5.4,5.4,5.1,4.9,5.4,4.6,3.4,3.0,2.5,2.1,1.6,1.1,0.4
171,701539,1,101,1002,42101,1,32.412811,-86.263394,1996,7081,81,294,366,0,0,0.0,0.0,0,0.079155,0.165526,1.7,1.7,1.6,1.6,1.7,1.5,0.8,0.6,0.4,0.2,0.1,0.0,0.0
172,701752,39,35,53,42101,1,41.441532,-81.704453,2003,8461,97,348,365,0,0,0.0,0.0,0,0.522208,0.357916,2.3,2.3,2.3,2.2,2.3,2.1,1.6,1.4,1.2,1.0,0.7,0.5,0.1
173,704001,4,19,19,42101,1,32.290075,-111.000651,1995,6565,75,273,365,0,0,0.0,0.0,0,0.829992,0.587098,3.8,3.7,3.5,3.5,3.8,3.3,2.6,2.3,2.0,1.7,1.2,0.7,0.2
174,709353,16,69,11,42101,1,46.422065,-117.029962,2002,3118,36,129,365,0,0,0.0,0.0,0,0.354875,0.283783,3.4,3.1,2.8,2.2,3.4,2.0,1.4,1.2,0.8,0.6,0.5,0.3,0.1
175,710529,6,1,11,42101,1,37.814781,-122.282347,2011,8568,98,348,365,0,0,0.0,0.0,0,0.376319,0.379473,2.7,2.7,2.6,2.6,2.7,2.6,1.7,1.5,1.1,0.8,0.6,0.3,0.0
176,710605,30,111,81,42101,1,45.783285,-108.503469,1996,7646,87,316,366,0,0,0.0,0.0,0,1.005846,0.594191,6.0,6.0,5.9,5.8,6.0,4.7,2.9,2.6,2.1,1.7,1.3,0.9,0.4
177,721605,20,173,1014,42101,1,37.686403,-97.338379,1996,8554,97,355,366,0,0,0.0,0.0,0,0.6435,0.551711,8.3,7.6,7.6,7.1,8.3,4.9,2.8,2.1,1.5,1.3,0.8,0.5,0.2
178,722641,4,19,1021,42101,1,32.0475,-110.773889,1994,8070,92,330,365,0,0,0.0,0.0,0,0.8171,0.668267,5.4,5.2,5.1,5.1,5.4,5.1,3.0,2.7,2.2,1.7,1.1,0.6,0.2
179,725529,6,37,4002,42101,1,33.82376,-118.18921,2010,8545,98,350,365,0,0,0.0,0.0,0,0.407256,0.286238,2.1,2.1,2.1,2.0,2.1,2.1,1.4,1.3,1.1,0.8,0.5,0.3,0.2
180,725676,48,479,16,42101,1,27.517449,-99.515219,2008,8363,95,346,366,0,0,0.0,0.0,0,0.25339,0.218196,2.8,2.8,2.8,2.7,2.8,2.8,1.1,0.8,0.5,0.4,0.3,0.3,0.0
181,731577,37,67,23,42101,1,36.06597,-80.258105,2010,8620,98,359,365,0,0,0.0,0.0,0,0.546172,0.296779,1.9,1.9,1.9,1.9,1.9,1.9,1.5,1.4,1.2,1.0,0.7,0.5,0.2
182,733690,4,19,2,42101,1,32.222058,-110.974681,2000,8718,99,362,366,0,0,0.0,0.0,0,0.685926,0.493284,3.8,3.7,3.7,3.6,3.8,3.5,2.1,1.9,1.6,1.3,1.0,0.6,0.1
183,734222,39,61,4002,42101,1,39.160058,-84.439102,2001,8702,99,361,365,0,0,0.0,0.0,0,0.513445,0.349786,3.0,3.0,3.0,2.9,3.0,2.9,1.9,1.5,1.1,0.9,0.6,0.5,0.1
184,741463,36,61,62,42101,1,40.720622,-74.003674,1995,8560,98,356,365,0,0,0.0,0.0,0,2.098294,0.807586,7.1,7.1,7.0,7.0,7.1,7.0,4.7,4.2,3.5,3.1,2.5,2.0,1.2
185,748225,36,61,92,42101,1,40.7455,-73.97704,1995,8680,99,360,365,0,0,0.0,0.0,0,1.700403,0.715155,7.5,7.3,7.1,7.0,7.5,6.5,4.0,3.6,3.0,2.6,2.1,1.6,0.9
186,749416,18,97,72,42101,1,39.768056,-86.16001,2016,8585,98,355,366,0,0,0.0,0.0,0,0.625603,0.3716,2.9,2.9,2.7,2.5,2.9,2.5,1.8,1.6,1.4,1.1,0.8,0.5,0.2
187,752990,4,19,1021,42101,1,32.0475,-110.773889,2002,6296,72,260,365,0,0,0.0,0.0,0,0.647109,0.381912,2.6,2.5,2.5,2.4,2.6,2.3,1.9,1.7,1.4,1.2,0.8,0.6,0.3
188,753666,18,141,1008,42101,1,41.693659,-86.236673,1990,8192,94,337,365,0,0,0.0,0.0,0,0.580212,0.385002,4.0,3.8,3.6,3.4,4.0,3.3,2.0,1.7,1.4,1.1,0.7,0.4,0.3
189,753779,27,123,44,42101,1,44.955799,-93.16661,1999,8678,99,360,365,0,0,0.0,0.0,0,0.857721,0.496986,4.2,4.1,4.0,4.0,4.2,4.0,2.4,2.1,1.8,1.5,1.1,0.8,0.3
190,754804,12,31,84,42101,1,30.320507,-81.68762,1998,7925,96,347,365,0,0,0.0,0.0,0,0.821451,0.529202,3.3,3.1,3.1,3.1,3.3,3.1,2.3,2.1,1.8,1.5,1.1,0.7,0.0
191,761422,42,71,7,42101,1,40.046667,-76.283333,1997,8675,99,359,365,0,0,0.0,0.0,0,0.281925,0.383239,3.9,3.9,3.8,3.8,3.9,3.3,1.7,1.4,0.9,0.7,0.5,0.1,0.0
192,764718,17,31,63,42101,1,41.877682,-87.635027,1999,8721,100,363,365,0,0,0.0,0.0,0,0.807453,0.351131,3.8,3.7,3.6,3.6,3.8,2.9,1.9,1.7,1.4,1.2,1.0,0.8,0.4
193,766421,34,23,2003,42101,1,40.508764,-74.268083,1999,8561,98,355,365,0,0,0.0,0.0,0,0.89562,0.393844,3.8,3.8,3.7,3.7,3.8,3.2,2.2,2.0,1.6,1.4,1.1,0.8,0.5
194,788177,6,83,2004,42101,1,34.63782,-120.4575,1992,8334,95,336,366,0,0,0.0,0.0,0,0.264363,0.382724,2.0,2.0,2.0,2.0,2.0,2.0,1.4,1.3,1.0,1.0,0.4,0.0,0.0
195,789056,42,43,102,42101,1,40.283348,-76.880221,1996,8693,99,360,366,0,0,0.0,0.0,0,0.880801,0.410213,2.6,2.6,2.6,2.6,2.6,2.6,2.1,1.9,1.7,1.4,1.1,0.8,0.4
196,793489,39,35,48,42101,1,41.49984,-81.68656,2000,8720,99,360,366,0,0,0.0,0.0,0,0.849484,0.471526,3.7,3.7,3.5,3.5,3.7,3.2,2.3,2.1,1.7,1.5,1.1,0.8,0.3
197,795980,39,35,73,42101,1,41.4408,-81.4948,2015,8141,93,330,365,0,0,0.0,0.0,0,0.230512,0.132032,0.9,0.9,0.9,0.9,0.9,0.9,0.6,0.5,0.5,0.4,0.3,0.2,0.1
198,802196,39,35,51,42101,1,41.504661,-81.690186,2000,8683,99,361,366,0,0,0.0,0.0,0,0.661062,0.51475,8.8,8.8,8.6,8.3,8.8,7.9,2.2,1.7,1.3,1.1,0.8,0.6,0.3
199,808613,34,7,3,42101,1,39.923042,-75.097617,1999,8701,99,363,365,0,0,0.0,0.0,0,0.531743,0.352204,3.9,3.8,3.7,3.7,3.9,3.7,2.0,1.6,1.2,0.9,0.6,0.4,0.3
200,810981,6,71,14,42101,1,34.512496,-117.330879,1996,6001,68,249,366,0,0,0.0,0.0,0,0.725396,1.019376,7.5,7.3,7.3,6.8,7.5,6.6,5.0,4.4,3.5,1.4,0.7,0.4,0.1
201,811716,8,31,2,42101,2,39.751184,-104.987625,1990,8611,98,356,365,0,0,18.0,18.0,0,1.534526,1.201262,12.1,11.8,11.5,11.4,12.1,11.4,6.1,5.1,3.8,2.8,1.9,1.3,0.5
202,813638,27,37,20,42101,1,44.76323,-93.03255,2012,8587,98,357,366,0,0,0.0,0.0,0,0.014534,0.046149,0.3,0.3,0.3,0.3,0.3,0.3,0.2,0.2,0.1,0.1,0.0,0.0,0.0
203,822010,10,3,2004,42101,1,39.739444,-75.558056,2015,2612,30,103,365,0,0,0.0,0.0,0,0.308997,0.140822,1.2,1.2,1.2,1.2,1.2,1.2,1.0,0.7,0.6,0.5,0.3,0.3,0.2
204,824468,34,27,3,42101,1,40.797342,-74.482494,1999,8749,100,365,365,0,0,0.0,0.0,0,1.086684,0.546927,4.2,4.1,4.1,4.1,4.2,4.1,2.9,2.6,2.1,1.8,1.4,1.0,0.5
205,834633,17,143,36,42101,1,40.700072,-89.613414,1994,8598,98,354,365,0,0,0.0,0.0,0,1.760119,0.914585,6.5,6.3,6.3,5.7,6.5,5.7,4.4,4.0,3.4,3.0,2.3,1.6,0.7
206,838499,15,3,1001,42101,1,21.30758,-157.85542,1991,8346,95,345,365,0,0,0.0,0.0,0,0.745615,0.337439,2.4,2.3,2.3,2.3,2.4,2.3,1.9,1.7,1.4,1.2,0.9,0.7,0.4
207,839931,48,201,24,42101,1,29.901036,-95.326137,2007,8152,93,334,365,0,0,0.0,0.0,0,0.420829,0.216751,1.6,1.6,1.6,1.6,1.6,1.5,1.2,1.0,0.8,0.7,0.5,0.4,0.2
208,840910,51,13,20,42101,1,38.8577,-77.05922,2007,8436,96,348,365,0,0,0.0,0.0,0,0.282456,0.259634,1.6,1.6,1.6,1.6,1.6,1.5,1.0,0.9,0.7,0.6,0.5,0.2,0.0
209,842521,6,1,9,42101,1,37.743065,-122.169935,2016,8646,98,353,366,0,0,0.0,0.0,0,0.337173,0.145076,1.0,1.0,1.0,1.0,1.0,1.0,0.8,0.7,0.6,0.5,0.4,0.3,0.2
210,842839,4,19,1011,42101,1,32.204411,-110.878067,2012,8729,99,361,366,0,0,0.0,0.0,0,0.178119,0.112366,1.0,1.0,1.0,0.9,1.0,1.0,0.6,0.5,0.4,0.3,0.2,0.1,0.1
211,843429,47,157,24,42101,1,35.151194,-90.041559,1998,8704,99,364,365,0,0,0.0,0.0,0,0.933835,0.610881,5.6,5.6,5.5,5.3,5.6,5.1,3.6,3.0,2.0,1.5,1.1,0.8,0.4
212,844140,39,35,66,42101,1,41.462831,-81.580125,2001,8466,97,349,365,0,0,0.0,0.0,0,0.436712,0.243491,2.6,2.6,2.4,2.3,2.6,2.2,1.2,1.1,0.9,0.7,0.5,0.4,0.2
213,846267,29,510,86,42101,1,38.673221,-90.239166,2004,8739,99,364,366,0,0,0.0,0.0,0,0.490022,0.311669,3.3,3.3,3.2,3.1,3.3,2.8,1.6,1.3,1.0,0.8,0.6,0.4,0.2
214,848470,50,21,2,42101,1,43.608056,-72.982778,1994,5835,67,240,365,0,0,0.0,0.0,0,0.774807,0.547625,4.1,4.1,4.0,4.0,4.1,4.1,2.6,2.3,1.9,1.5,1.0,0.6,0.3
215,848986,6,83,4003,42101,1,34.596095,-120.631282,2005,8330,95,358,365,0,0,0.0,0.0,0,0.037587,0.069474,0.7,0.7,0.7,0.7,0.7,0.6,0.3,0.2,0.1,0.1,0.1,0.0,0.0
216,851328,51,510,9,42101,1,38.810403,-77.04435,2004,8676,99,362,366,0,0,0.0,0.0,0,0.349043,0.302585,2.0,2.0,2.0,2.0,2.0,2.0,1.4,1.2,0.9,0.7,0.5,0.3,0.0
217,855309,51,760,24,42101,1,37.5626,-77.465,2004,8685,99,361,366,0,0,0.0,0.0,0,0.392838,0.274721,2.3,2.3,2.2,2.2,2.3,2.1,1.3,1.1,0.8,0.7,0.5,0.4,0.0
218,862256,17,31,63,42101,1,41.877682,-87.635027,2003,8620,98,359,365,0,0,0.0,0.0,0,0.542912,0.262083,2.4,2.4,2.3,2.2,2.4,2.2,1.4,1.2,1.0,0.9,0.7,0.5,0.3
219,862951,48,29,46,42101,1,29.426944,-98.486389,2008,8703,99,359,366,0,0,0.0,0.0,0,0.233919,0.19551,2.7,2.7,2.7,2.6,2.7,2.6,0.8,0.7,0.6,0.5,0.3,0.2,0.1
220,864109,55,79,44,42101,1,43.092789,-88.005644,1993,8724,100,364,365,0,0,0.0,0.0,0,0.864305,0.610481,6.0,6.0,5.9,5.8,6.0,6.0,2.8,2.4,2.0,1.6,1.2,0.7,0.3
221,870709,11,1,41,42101,1,38.895572,-76.958072,2008,8749,100,364,366,0,0,0.0,0.0,0,1.22758,0.535512,3.2,3.1,3.1,3.1,3.2,3.1,2.6,2.5,2.3,2.1,1.5,1.1,0.7
222,877431,6,37,6012,42101,1,34.38344,-118.5284,2010,8470,97,337,365,0,0,0.0,0.0,0,0.205277,0.138363,1.1,1.1,1.1,1.1,1.1,1.0,0.7,0.6,0.4,0.4,0.3,0.2,0.1
223,879197,48,201,1039,42101,1,29.670025,-95.128508,2007,8169,93,332,365,0,0,0.0,0.0,0,0.302669,0.129037,1.6,1.6,1.5,1.5,1.6,1.2,0.7,0.7,0.5,0.4,0.4,0.3,0.2
224,887218,48,141,53,42101,1,31.758532,-106.501045,2006,8607,98,355,365,0,0,0.0,0.0,0,0.578273,0.413456,3.9,3.9,3.9,3.8,3.9,3.7,2.2,1.9,1.4,1.1,0.7,0.4,0.3
225,889789,6,59,7,42101,1,33.83062,-117.93845,2010,8404,96,342,365,0,0,0.0,0.0,0,0.44787,0.279931,2.0,2.0,1.9,1.9,2.0,1.9,1.5,1.3,1.0,0.8,0.5,0.4,0.2
226,893371,39,135,1001,42101,1,39.83562,-84.72049,2013,7635,87,311,365,0,0,0.0,0.0,0,0.167413,0.056014,0.5,0.5,0.5,0.5,0.5,0.4,0.3,0.3,0.2,0.2,0.2,0.2,0.1
227,893822,20,173,10,42101,1,37.702066,-97.314847,1987,8627,98,358,365,0,0,0.0,0.0,0,0.681569,0.550097,7.5,7.3,7.0,6.6,7.5,6.2,3.5,2.8,1.6,1.0,0.6,0.5,0.5
228,895436,1,73,2059,42101,1,33.521427,-86.844112,2017,2496,28,96,365,0,0,0.0,0.0,0,0.355609,0.159987,1.1,1.1,1.1,1.1,1.1,1.1,0.9,0.8,0.7,0.6,0.4,0.3,0.2
229,895920,4,13,13,42101,1,33.405323,-112.074036,1996,8578,98,354,366,0,0,0.0,0.0,0,1.19768,0.835656,5.2,5.1,5.0,4.9,5.2,5.1,3.9,3.5,3.0,2.4,1.6,0.9,0.4
230,896282,32,31,16,42101,1,39.525083,-119.807717,2010,8504,97,354,365,0,0,0.0,0.0,0,0.133443,0.198361,1.9,1.9,1.8,1.8,1.9,1.8,1.1,0.8,0.5,0.3,0.1,0.1,0.0
231,898130,39,153,22,42101,1,41.080266,-81.516228,2005,8519,97,355,365,0,0,0.0,0.0,0,0.471687,0.247493,1.9,1.9,1.8,1.7,1.9,1.7,1.3,1.2,0.9,0.8,0.6,0.4,0.2
232,901508,36,93,3,42101,1,42.79901,-73.9389,1995,8631,99,360,365,0,0,0.0,0.0,0,0.401981,0.362976,5.7,5.6,5.4,5.1,5.7,4.3,1.9,1.4,1.0,0.7,0.5,0.3,0.1
233,906075,18,97,73,42101,1,39.789486,-86.06085,1994,8680,99,361,365,0,0,0.0,0.0,0,0.43015,0.278892,4.5,4.4,4.3,4.1,4.5,3.0,1.6,1.3,0.9,0.7,0.4,0.3,0.3
234,907579,48,201,1035,42101,1,29.733726,-95.257593,2008,7856,89,321,366,0,0,0.0,0.0,0,0.194437,0.155078,1.5,1.5,1.4,1.4,1.5,1.3,0.8,0.6,0.4,0.3,0.3,0.2,0.0
235,910541,10,3,2004,42101,1,39.739444,-75.558056,2009,8511,97,354,365,0,0,0.0,0.0,0,0.286089,0.139923,1.4,1.3,1.3,1.2,1.4,1.3,0.9,0.7,0.5,0.4,0.3,0.3,0.2
236,911443,26,81,20,42101,1,42.984173,-85.671339,2007,6485,74,267,365,0,0,0.0,0.0,0,0.259214,0.123978,1.3,1.2,1.2,1.1,1.3,1.1,0.7,0.6,0.5,0.4,0.3,0.2,0.1
237,920822,27,123,44,42101,1,44.955799,-93.16661,1989,7981,91,330,365,0,0,8.0,8.0,0,2.088585,1.228471,10.8,10.7,10.3,10.2,10.8,10.3,5.7,5.2,4.4,3.7,2.7,1.9,0.8
238,924632,4,13,3003,42101,1,33.47968,-111.91721,1996,8727,99,364,366,0,0,0.0,0.0,0,1.044655,0.689063,4.9,4.9,4.9,4.8,4.9,4.9,3.4,3.0,2.5,2.0,1.3,0.8,0.4
239,928532,4,13,22,42101,1,33.479136,-112.112493,1996,4198,48,176,366,0,0,7.0,7.0,0,3.395855,1.671588,10.0,10.0,9.8,9.8,10.0,10.0,8.0,7.6,6.6,5.7,4.4,3.1,1.4
240,930533,34,3,5001,42101,1,40.882373,-74.042172,1999,8569,98,355,365,0,0,0.0,0.0,0,0.821893,0.523753,4.9,4.9,4.6,4.5,4.9,4.4,2.9,2.5,1.9,1.4,1.0,0.7,0.4
241,934454,48,141,37,42101,1,31.768291,-106.50126,2006,8699,99,359,365,0,0,0.0,0.0,0,0.322888,0.227176,1.9,1.9,1.8,1.8,1.9,1.9,1.2,1.0,0.8,0.6,0.4,0.3,0.1
242,945692,53,33,15,42101,1,47.617877,-122.196234,1995,8755,100,365,365,0,0,2.0,2.0,0,1.60771,0.853015,9.7,9.7,8.8,8.6,9.7,6.4,4.6,4.0,3.1,2.6,2.0,1.5,0.7
243,946256,39,49,5,42101,1,40.060124,-82.976857,1998,8592,98,355,365,0,0,0.0,0.0,0,0.673452,0.39546,4.3,4.3,4.2,4.0,4.3,3.7,2.2,1.8,1.3,1.1,0.8,0.6,0.3
244,950323,32,31,22,42101,1,39.532004,-119.784982,1995,8643,99,359,365,0,0,0.0,0.0,0,1.565197,0.990763,6.2,6.1,6.0,6.0,6.2,6.0,4.9,4.4,3.6,3.0,2.0,1.2,0.7
245,950527,1,73,1003,42101,1,33.485556,-86.915,2004,8762,100,365,366,0,0,0.0,0.0,0,0.416834,0.491845,4.3,4.2,4.2,3.9,4.3,3.9,2.0,1.7,1.3,1.0,0.7,0.3,0.0
246,956316,39,35,53,42101,1,41.441532,-81.704453,2004,8589,98,358,366,0,0,0.0,0.0,0,0.550274,0.30653,1.9,1.9,1.9,1.9,1.9,1.9,1.4,1.3,1.1,1.0,0.7,0.5,0.2
247,967266,17,143,36,42101,1,40.700072,-89.613414,1998,8391,96,346,365,0,0,0.0,0.0,0,1.430723,0.832683,6.5,6.5,6.3,6.3,6.5,5.8,3.7,3.4,3.0,2.6,1.9,1.3,0.5
248,971374,36,67,17,42101,1,43.04257,-76.1433,1995,8518,97,352,365,0,0,0.0,0.0,0,0.694928,0.406874,3.4,3.3,3.3,3.3,3.4,3.3,2.3,2.0,1.5,1.2,0.8,0.6,0.3
249,978117,27,123,50,42101,1,44.9558,-93.14585,1993,8748,100,364,365,0,0,0.0,0.0,0,1.610494,0.824998,8.6,8.4,7.9,7.9,8.6,6.5,4.0,3.6,3.2,2.7,2.1,1.4,0.7
250,979011,27,37,423,42101,1,44.77553,-93.06299,2012,8733,99,364,366,0,0,0.0,0.0,0,0.034822,0.088687,1.1,1.1,1.0,1.0,1.1,1.0,0.4,0.3,0.2,0.1,0.0,0.0,0.0
251,982045,20,209,21,42101,1,39.117219,-94.635605,2009,8177,93,341,365,0,0,0.0,0.0,0,0.298166,0.220592,1.6,1.6,1.6,1.6,1.6,1.6,1.0,0.9,0.7,0.6,0.4,0.3,0.1
252,984318,12,31,80,42101,1,30.309119,-81.652341,1998,7720,94,335,365,0,0,0.0,0.0,0,0.410933,0.260227,2.4,2.4,2.4,2.4,2.4,2.2,1.3,1.1,0.8,0.7,0.5,0.4,0.0
253,985035,42,11,100,42101,1,40.335278,-75.922778,1997,7992,91,332,365,0,0,0.0,0.0,0,0.524424,0.404324,3.4,3.4,3.4,3.3,3.4,3.0,2.0,1.6,1.2,1.0,0.7,0.5,0.1
254,986239,6,73,1002,42101,1,33.127711,-117.075325,2002,8730,100,364,365,0,0,0.0,0.0,0,0.995178,0.61548,3.9,3.8,3.8,3.8,3.9,3.8,3.1,2.8,2.4,1.9,1.2,0.8,0.4
255,987047,17,31,3103,42101,1,41.965193,-87.876265,1998,8308,95,344,365,0,0,0.0,0.0,0,0.774049,0.35151,3.6,3.6,3.5,3.4,3.6,2.7,2.0,1.8,1.4,1.2,0.9,0.7,0.4
256,996256,18,97,78,42101,1,39.811097,-86.114469,2010,4168,48,173,365,0,0,0.0,0.0,0,0.350504,0.194956,1.5,1.5,1.4,1.4,1.5,1.4,1.2,1.0,0.7,0.6,0.4,0.3,0.2
257,996752,8,41,6004,42101,1,38.921382,-104.813032,1994,8727,100,363,365,0,0,0.0,0.0,0,0.540736,0.351133,2.3,2.3,2.2,2.2,2.3,2.2,1.6,1.4,1.2,1.0,0.7,0.5,0.1
258,1008264,6,25,1003,42101,1,32.79222,-115.56306,2002,8648,99,357,365,0,0,0.0,0.0,0,0.354741,0.325456,2.9,2.9,2.8,2.8,2.9,2.8,1.5,1.3,0.9,0.7,0.5,0.3,0.0
259,1012263,17,163,10,42101,1,38.612034,-90.160477,2002,8597,98,356,365,0,0,0.0,0.0,0,0.466046,0.273729,2.8,2.8,2.7,2.6,2.8,2.6,1.7,1.4,0.9,0.7,0.5,0.4,0.2
260,1013622,17,31,4002,42101,1,41.855243,-87.75247,1992,8534,97,355,366,0,0,0.0,0.0,0,0.538458,0.477726,5.0,4.9,4.8,4.7,5.0,4.0,2.4,1.9,1.4,1.1,0.7,0.4,0.1
261,1013633,18,141,1008,42101,1,41.693659,-86.236673,1992,1896,22,79,366,0,0,0.0,0.0,0,0.520042,0.331717,3.3,3.2,3.2,3.1,3.3,2.5,1.8,1.5,1.1,0.9,0.6,0.4,0.3
262,1034909,6,67,6,42101,1,38.613779,-121.368014,1996,8628,98,352,366,0,0,0.0,0.0,0,0.610014,0.651431,6.0,5.9,5.9,5.8,6.0,5.0,3.5,2.8,1.9,1.3,0.7,0.4,0.2
263,1035324,36,47,71,42101,1,40.695783,-73.983683,1995,7072,81,291,365,0,0,2.0,2.0,0,1.948176,0.942009,9.8,9.7,9.3,8.8,9.8,7.9,4.9,4.5,3.7,3.1,2.4,1.7,1.0
264,1042644,21,111,75,42101,1,38.1936,-85.7119,2015,7117,81,285,365,0,0,0.0,0.0,0,0.338106,0.130154,1.6,1.6,1.6,1.5,1.6,1.4,0.7,0.7,0.6,0.5,0.4,0.3,0.2
265,1046643,6,25,1003,42101,1,32.79222,-115.56306,2003,5622,64,254,365,0,0,0.0,0.0,0,0.138652,0.244451,2.6,2.6,2.4,2.2,2.6,2.4,1.0,0.9,0.6,0.4,0.2,0.0,0.0
266,1047582,39,35,48,42101,1,41.49984,-81.68656,1991,8319,95,344,365,0,0,0.0,0.0,0,1.43974,0.834701,5.8,5.8,5.7,5.6,5.8,5.7,3.9,3.5,3.0,2.6,1.9,1.3,0.5
